"CheckDate","Title","Background","Logo"
20181231,"四川博物院上线，诸葛孔明为蜀地带盐！","https://i0.hdslb.com/bfs/archive/eada0f759e4a2c6b68dc0e0de60b4b097821ced3.png","https://i0.hdslb.com/bfs/archive/0412e879af8f4185efe249642202b2f8c93fbfde.png"
20181230,"一月新番，尽在B站！","https://i0.hdslb.com/bfs/archive/32b6e7f84d3137632658f2466b17276b3caad859.png","https://i0.hdslb.com/bfs/archive/460637f4a9ad5996dc03758a3e9f6fef39b26c1c.png"
20181230,"一月新番，尽在B站！","https://i0.hdslb.com/bfs/archive/77e1be4416414c832908399a3d1b9301ea9ce074.png","https://i0.hdslb.com/bfs/archive/bb567e89f979b26c43e09904ab7f0d8f8a6ce039.png"
20181230,"老番茄：没有辜负父老乡亲们的期待真是有疙瘩！","https://i0.hdslb.com/bfs/archive/9ad3428e21f42a15b6a1a8c279582ad4412b854c.png","https://i0.hdslb.com/bfs/archive/2362b9d1dc06d25939ce2d5c7a533ed19d34f51d.png"
20181228,"一月新番，尽在B站！","https://i0.hdslb.com/bfs/archive/33fb5ad442a7f75129e19b44e4b92311746c1334.png","https://i0.hdslb.com/bfs/archive/2e31af57f5b6033f8d03854ef3cdc456b97b4650.png"
20181228,"闪亮登场","https://i0.hdslb.com/bfs/archive/04da349a07df82dd2e18f318598af0973e786fa8.png","https://i0.hdslb.com/bfs/archive/df2a9dbe70f007f49ee3c38b04ac1751f8040830.png"
20181227,"2018年度弹幕出炉了！","https://i0.hdslb.com/bfs/archive/f752e69e477f624d1ebc2d0dc799f04ab92a989d.png","https://i0.hdslb.com/bfs/archive/b3715e194e390da35b1cae0ecf84abda39c1e1c1.png"
20181227,"想和G.E.M.邓紫棋一起跨年吗？","https://i0.hdslb.com/bfs/archive/82f0a2a0de69f3844e3c83ffeb76f90b17e50907.png","https://i0.hdslb.com/bfs/archive/474c8303be9fcfcc30c649fbbd844f2542b922f7.png"
20181227,"圣诞必看影片~","https://i0.hdslb.com/bfs/archive/a30a67f2ce6f4622fb413716d536e7792731fbd5.png","https://i0.hdslb.com/bfs/archive/a3f603e97d365c4b2af2a092680685430e586a86.png"
20181226,"镜音双子11岁生日快乐！","https://i0.hdslb.com/bfs/archive/c016d4288cbdb2e09046777298fc23b98bff6702.png","https://i0.hdslb.com/bfs/archive/ae52d311b67be801a96e8abd9f66bd0a1874ec6d.png"
20181226,"大冲突","https://i0.hdslb.com/bfs/archive/496ad57a411e01b664f46f0fbb756bd77f44ade1.png","https://i0.hdslb.com/bfs/archive/3920b2f37f433efc0bc5c0f583798b904346cdaa.png"
20181225,"所有秃头的男人看上去都很强！","https://i0.hdslb.com/bfs/archive/297bc4a76fc214c37b9bebc1a309c90637c55f5f.png","https://i0.hdslb.com/bfs/archive/d86fbd5df2af78ad0a076188f746efb48f714f64.png"
20181225,"二十余部bilibili自制国产动画发布！戳这里追番~","https://i0.hdslb.com/bfs/archive/50db27c11ee0ec9da5c49c873ed313f6a236d2d5.png","https://i0.hdslb.com/bfs/archive/83ba0a8399eb3fb91d942a1a91b241b8554cb516.png"
20181225,"","https://i0.hdslb.com/bfs/archive/6c42c40ed54f4bb5ea491894aff693878afa6580.png","https://i0.hdslb.com/bfs/archive/08f98bb10251bb89461c0f3d50c864327b1ac05d.png"
20181225,"投稿瓜分百万！","https://i0.hdslb.com/bfs/archive/e2d7f3a3a663f5d56f021bec8cb0ed0b367fa6da.png","https://i0.hdslb.com/bfs/archive/ff1fea451ed6f8b25cf22940c92cac80a537bba0.png"
20181225,"鬼畜区巅峰对决，胜负由你决定！","https://i0.hdslb.com/bfs/archive/28713dc498888da2f155cf7ee05812c76e370d5f.png","https://i0.hdslb.com/bfs/archive/d96f40a21eb489efbfb06aab9f2bce00813544b6.png"
20181225,"《高岭之花》bilibili热播中","https://i0.hdslb.com/bfs/archive/003bd2e93b38173e0afba613c7067a3dd7507523.png","https://i0.hdslb.com/bfs/archive/c0b4dbb2d884dd2e834efb58f636208227cb3f2e.png"
20181225,"日常是一种力量","https://i0.hdslb.com/bfs/archive/9c24b7845f5c77794c4b2787536bca482827e352.png","https://i0.hdslb.com/bfs/archive/3ba09526d657589df9bedc5acae7a9c58b0b9b71.png"
20180530,"BML-SP今晚八点预购开启！","https://i0.hdslb.com/bfs/archive/8be9099ac625fda30801e71c2e6073e61efa3239.png","https://i0.hdslb.com/bfs/archive/767b9d824b55b42ad42118ac085db565fee363ae.png"
20180529,"BML-VR今晚八点，预售开启！","https://i0.hdslb.com/bfs/archive/9b091fc8c3f2dfbf067bab604cbd3c45f4416cfd.png","https://i0.hdslb.com/bfs/archive/8f2f9900bd1226be0af307ebe2efe1e98e22b2ae.png"
20180527,"比基尼与女性解放","https://i0.hdslb.com/bfs/archive/a779f17d80b1d342c5d573edf09706a6b2955f7a.png","https://i0.hdslb.com/bfs/archive/73468ec1de6b0d9a1be869bd69841a6491aee88e.png"
20180527,"饭田致绿谷","https://i0.hdslb.com/bfs/archive/656edaf807c7a65a02a1e4e15c63fcbe5013f2de.png","https://i0.hdslb.com/bfs/archive/b2b2584420c266c5ccafbfe5e3bfe1d74c1db6b3.png"
20180524,"为了活下去，我签订了契约","https://i0.hdslb.com/bfs/archive/bda7bb8589c3d3f1c75b3c41cefcff4b668c6957.png","https://i0.hdslb.com/bfs/archive/e89af42d261b063fcb41eb9918d901e429a2cde4.png"
20180523,"分分钟让你露出姨母笑","https://i0.hdslb.com/bfs/archive/2e8f91265bc2ba042b435c9fd78e9a2ec326081b.png","https://i0.hdslb.com/bfs/archive/e36d348391d9d8b3b9afc99273bd592e470b269f.png"
20180522,"","https://i0.hdslb.com/bfs/archive/30d45ce269948eae8ed650e5ce03a2ca463a5d77.png","https://i0.hdslb.com/bfs/archive/6063fb40e90a17912b71d2cfd4ea56f69abb70de.png"
20180522,"万人空巷！一起为世界杯狂欢！","https://i0.hdslb.com/bfs/archive/e4d5c962eb97efc6f3986e11a316b301541b33f5.png","https://i0.hdslb.com/bfs/archive/6806c188285b0f9b09966ff450b78966a43a57b7.png"
20180520,"今天就去告白吧！","https://i0.hdslb.com/bfs/archive/4f421e8215422c5c55e0d5d28d7771ce90e4583f.png","https://i0.hdslb.com/bfs/archive/27484023f14f5203a1226c4f35a358449afa0421.png"
20180520,"今天就去告白吧！","https://i0.hdslb.com/bfs/archive/739ac7b46b94d8dd2f926b725d28bfe800bb52b2.png","https://i0.hdslb.com/bfs/archive/27484023f14f5203a1226c4f35a358449afa0421.png"
20180519,"bilibili moe 2018 动画艺术大赏情报公开","https://i0.hdslb.com/bfs/archive/fe101a6427dc7514b88405d27cce2d0cff1cca24.png","https://i0.hdslb.com/bfs/archive/daf1db9e58f9c7d4142429f21f7ad78799d5a473.png"
20180518,"来，战个痛快！","https://i0.hdslb.com/bfs/archive/4df6f18c67922bc71f2286a7d6e9be12057e1437.png","https://i0.hdslb.com/bfs/archive/0ec347dbd9577f2a8fdf5e78ea4fee870ab9ee88.png"
20180517,"一起吃糖吧！","https://i0.hdslb.com/bfs/archive/01cc55056038ac063ac0f52389981b26d74aa7af.png","https://i0.hdslb.com/bfs/archive/a1fcaf43e0b4e7eef4c0ed8f4cea988239663ef0.png"
20180516,"一起来开心地跳舞吧！","https://i0.hdslb.com/bfs/archive/6e6a3f5d3a4556359e173eae434bef606b6494b1.png","https://i0.hdslb.com/bfs/archive/ffc469c53580bd5fbd8293981dbfe6c5a0e9142e.png"
20180514,"一只大鸟！！！","https://i0.hdslb.com/bfs/archive/99fac98673df24324ad90ac54fccd85cabcf494c.png","https://i0.hdslb.com/bfs/archive/1f150574d7b72d7dccac4c7989699462655a9b75.png"
20180511,"全明星周末荣耀再临！","https://i0.hdslb.com/bfs/archive/dcca985e6091a7276fadb6497136cf43cba516eb.png","https://i0.hdslb.com/bfs/archive/8438a28041472cc28739f54935d2282f642e00a9.png"
20180509,"齐木的哦呼呢？！","https://i0.hdslb.com/bfs/archive/8d478295532562df43698c97ff0fb2f87793f800.png","https://i0.hdslb.com/bfs/archive/0cdca200e504fef4ebf342c18b18cf27bb06b6fc.png"
20180508,"为奇迹的诞生，献上礼炮！","https://i0.hdslb.com/bfs/archive/c7ace3bc88e17d1e11209f8a729b33086e1cfee2.png","https://i0.hdslb.com/bfs/archive/6c33cd3f65d23b22b981fbeadfacac02c2afe591.png"
20180507,"老板，请给我来一打山崎贤人","https://i0.hdslb.com/bfs/archive/2bc64523b1c092697f6bb39be0621f9162a1ab6c.png","https://i0.hdslb.com/bfs/archive/1910c0063dc0595d824a831e05f1745d697e1776.png"
20180507,"三个臭皮匠","https://i0.hdslb.com/bfs/archive/39ad148e4a6d8ff2f0bcc26f75402ae71ce7050b.png","https://i0.hdslb.com/bfs/archive/0b90e7be61968fbfc1343fcc776f67ffbaf89a2e.png"
20180504,"全明星周末开启！","https://i0.hdslb.com/bfs/archive/291ca7023256981a8ddd083d69583374f68565c0.png","https://i0.hdslb.com/bfs/archive/8438a28041472cc28739f54935d2282f642e00a9.png"
20180503,"为你喜爱的的101女孩应援吧！","https://i0.hdslb.com/bfs/archive/4a41d2f656c2adf72869dc828af2b4eddc12b639.png","https://i0.hdslb.com/bfs/archive/deb06f1970ca330a4c8ccf987a7e5f41e152d5f6.png"
20180502,"搭配达人就是你","https://i0.hdslb.com/bfs/archive/760ea135fa40860909f0bedb5a9f6ba0993bac39.png","https://i0.hdslb.com/bfs/archive/b64a68431fce7caf01288aef5ca74f2710afda40.png"
20180501,"为了活下去，我们签订了契约","https://i0.hdslb.com/bfs/archive/8a50dc594f6d20de4135e0f87657762b8f5eafa7.png","https://i0.hdslb.com/bfs/archive/e89af42d261b063fcb41eb9918d901e429a2cde4.png"
20180430,"真正的表情包 可带劲儿啦！","https://i0.hdslb.com/bfs/archive/98546481730069833658795ad7ce161911c166a1.png","https://i0.hdslb.com/bfs/archive/d8573f4cb14f9f55eb16b11cca39baab912d1ce3.png"
20180429,"心灵怪盗团","https://i0.hdslb.com/bfs/archive/9f00c367d0cd014035dfd801ec7012489f592eba.png","https://i0.hdslb.com/bfs/archive/8d53f82e2b42e4de087d7604e67cf2d759893bb4.png"
20180428,"为你喜爱的的101女孩应援吧！","https://i0.hdslb.com/bfs/archive/ea8f572ac959331965d9780502b1105ac742a7ec.png","https://i0.hdslb.com/bfs/archive/deb06f1970ca330a4c8ccf987a7e5f41e152d5f6.png"
20180427,"群星璀璨荣耀归来！","https://i0.hdslb.com/bfs/archive/c946d55fdab3a2b5ece470f7a695a2fe64f53469.png","https://i0.hdslb.com/bfs/archive/8438a28041472cc28739f54935d2282f642e00a9.png"
20180426,"BWORLD 2018即将开启！","https://i0.hdslb.com/bfs/archive/4a07e730fe8071ce969b1189cf881c1bcf8346d6.png","https://i0.hdslb.com/bfs/archive/53c46f80b5809986eb7583b035b7e5fa9df48522.png"
20180426,"为了活下去，我签订了契约","https://i0.hdslb.com/bfs/archive/f8da3b3b188e4c0324f4fb0023c3cb76c5bb3f0c.png","https://i0.hdslb.com/bfs/archive/53927df7ad3720495bb0e7cc161ccafff22db88e.png"
20180425,"你们要的十元来啦~","https://i0.hdslb.com/bfs/archive/c4ea217ade242c947e6a333d9db778f09ced7988.png","https://i0.hdslb.com/bfs/archive/e7a5fc64d6976f52450bdddba0b511eeb7d4eabb.png"
20180424,"青春，永不落幕！","https://i0.hdslb.com/bfs/archive/8afab107ba9c24609091e63391d4ffc6247ce84a.png","https://i0.hdslb.com/bfs/archive/7ea21d7bb3005734ae58dac3b86e34f439adfe9a.png"
20180424,"世界 就在我们心中","https://i0.hdslb.com/bfs/archive/72ad343c50c6844c593bf73f6a360bf21f367e7d.png","https://i0.hdslb.com/bfs/archive/d1d9e24fe5dff4e7404b2f848247d6ee2e31e9aa.png"
20180423,"BBC最新巨制，2018倾情奉献","https://i0.hdslb.com/bfs/archive/2e82f1a5b2a2b039dd6921363f5883de29354cdc.png","https://i0.hdslb.com/bfs/archive/3da91315449c0a6ca5cd250c9cfc30c08f1f3c88.png"
20180422,"bilibili moe 2018 动画角色人气大赏首轮情报公开","https://i0.hdslb.com/bfs/archive/e53770a0b9a7eb0d3ca39961b4ad55df4824720b.png","https://i0.hdslb.com/bfs/archive/075811f122db88c5296edf813bf04b634b2800b5.png"
20180421,"BBC最新巨制，2018倾情奉献","https://i0.hdslb.com/bfs/archive/58c1afd6492816c51e4b7a6cca9b0fe73119b8ee.png","https://i0.hdslb.com/bfs/archive/3da91315449c0a6ca5cd250c9cfc30c08f1f3c88.png"
20180421,"4月21日，bilibili首播！","https://i0.hdslb.com/bfs/archive/48b65c46e1c1bae7651d97b3b7e29ae314b2fac7.png","https://i0.hdslb.com/bfs/archive/97f430512cf5187771ca406733076f610ab9d191.png"
20180420,"请和我谈恋爱吧！","https://i0.hdslb.com/bfs/archive/b2198b8a1e44b76e016fc3a0da45ef3766de512f.png","https://i0.hdslb.com/bfs/archive/a1fcaf43e0b4e7eef4c0ed8f4cea988239663ef0.png"
20180419,"BML 2018情报解禁，点击获取~！","https://i0.hdslb.com/bfs/archive/afa001b0bb3f86c04d372490be5f6f2c0215f14a.png","https://i0.hdslb.com/bfs/archive/d571c741b537393262f106bd5f11151a79139892.png"
20180418,"着华服，去踏青，秀出最美的你~","https://i0.hdslb.com/bfs/archive/780209d61acc1875079931534f1bbc1dcf466753.png","https://i0.hdslb.com/bfs/archive/090fbe8201b6cbf3b7f673de9a72b7d28eaeaeb2.png"
20180418,"着华服，去踏青，秀出最美的你~","https://i0.hdslb.com/bfs/archive/320da9ede8befa7e5f2584a04826e3dd19710bd3.png","https://i0.hdslb.com/bfs/archive/9231f10830b358d5f45471e9971eafc56a9454d5.png"
20180417,"欢迎来到GBN！","https://i0.hdslb.com/bfs/archive/c2391a4e1b249a233b2d017c34b7b96c04af14da.png","https://i0.hdslb.com/bfs/archive/88072eff5adccebe33f49181d950650ab3813d56.png"
20180415,"","https://i0.hdslb.com/bfs/archive/455818807fb301c277d28ec662dbb483fbb95216.png","https://i0.hdslb.com/bfs/archive/9bf4c98a9038e18d6a960c0ab508c02653890b1d.png"
20180414,"超能力对决！","https://i0.hdslb.com/bfs/archive/cf7de77505370c0245780ac6d4f7715895df3e4b.png","https://i0.hdslb.com/bfs/archive/d7dac02606a412e4d6cbccb35b8e92f8377c85a7.png"
20180411,"嚯！","https://i0.hdslb.com/bfs/archive/48be48c13b9b17b5db4f43b69ad2fe547e94a760.png","https://i0.hdslb.com/bfs/archive/7cc355adcf6dbdf3798c70653220e4696c81fe92.png"
20180409,"新章开幕！","https://i0.hdslb.com/bfs/archive/c1f2a02f38b98f8a91224a88ff6583ff89d89000.png","https://i0.hdslb.com/bfs/archive/ee0b7bb6a90d661cf7d16fb2a4277d61c146fc5f.png"
20180408,"是时候表现真正的技术了！","https://i0.hdslb.com/bfs/archive/b4c339d69642a6dcea2683bfc84c9865f7622ed6.png","https://i0.hdslb.com/bfs/archive/f7ae9beec1e36e704c2aad40ba1a17cd20b81dcf.png"
20180408,"扭曲的欲望","https://i0.hdslb.com/bfs/archive/d7c9ff3af089c5b4939bc176f1b5bd9babb2f410.png","https://i0.hdslb.com/bfs/archive/4bc9493437519fd12db8a6b58f7fc5ba40206e4d.png"
20180406,"是时候表现真正的技术了！","https://i0.hdslb.com/bfs/archive/7afb676dd778be9d0e7dfc7ed1fd9e48ee86b900.png","https://i0.hdslb.com/bfs/archive/7ea21d7bb3005734ae58dac3b86e34f439adfe9a.png"
20180406,"为了活下去，我签订了契约","https://i0.hdslb.com/bfs/archive/e88ca1b13b9f83ce6c58001210fae0f4ce0a87aa.png","https://i0.hdslb.com/bfs/archive/53927df7ad3720495bb0e7cc161ccafff22db88e.png"
20180405,"《真田丸》bilibili全网独播","https://i0.hdslb.com/bfs/archive/1152a02aba0a2fa3a130055e717b6f8a1fab72bc.png","https://i0.hdslb.com/bfs/archive/f7455bfa6280060075270d0f33de26bee79ed2d3.png"
20180405,"永恒的紫罗兰","https://i0.hdslb.com/bfs/archive/fef28f89682c472491d1f587c9132b884a9c201d.png","https://i0.hdslb.com/bfs/archive/733289c1a5db7fe5738529a49de56eb0c1c2ee30.png"
20180331,"国创神秘嘉宾了解一下!","https://i0.hdslb.com/bfs/archive/89f58a8d4f98114282a40aad21afdcc996f04595.png","https://i0.hdslb.com/bfs/archive/efef0c3186e15a2af3ca3fdfc3eca950e6a9c197.png"
20180329,"BILIBILI CHEERS","https://i0.hdslb.com/bfs/archive/0197bbac19056ebdaee118cd744d4cc39533262a.png","https://i0.hdslb.com/bfs/archive/4b24a4edf28e9e74b1b852f9f605fc5e776f9729.png"
20180328,"BILIBILI CHEERS","https://i0.hdslb.com/bfs/archive/d5d25fb536c242f7f9305dc19220ccf78c2b5d7b.png","https://i0.hdslb.com/bfs/archive/4b24a4edf28e9e74b1b852f9f605fc5e776f9729.png"
20180324,"是时候表演真正的技术了","https://i0.hdslb.com/bfs/archive/c490ff5b179de91c91b57535b58b2a84c6bc2be7.png","https://i0.hdslb.com/bfs/archive/6b65baef57c6f46ef873c78399631514a07d243f.png"
20180324,"四月新番","https://i0.hdslb.com/bfs/archive/a47032c248930af9ecb8bbeabc86156b6ed3ac57.png","https://i0.hdslb.com/bfs/archive/19e80bcee457bcd197b00a6dbc14af1f463edc91.png"
20180321,"人如其名","https://i0.hdslb.com/bfs/archive/4770c73da27377d02a0cbbb6e9f812ad09a091e1.png","https://i0.hdslb.com/bfs/archive/bd334a3fb3538212f0e2a7dae42584f929c495f7.png"
20180318,"圣杯战争","https://i0.hdslb.com/bfs/archive/502c3650a89001679b5183ce04479d1d7575560d.png","https://i0.hdslb.com/bfs/archive/4fe35f9f7d979ab6a50c386e4a801e9ecf76daaf.png"
20180318,"2018拜年祭2233娘手办","https://i0.hdslb.com/bfs/archive/51a71d46ca4696b47e47e8d0adf76b5f566e13bd.png","https://i0.hdslb.com/bfs/archive/6018b89603f90f825ebd66ab9a16e251991eac22.png"
20180312,"快来给你心爱的作品投票！","https://i0.hdslb.com/bfs/archive/7d4da35db35ab2a5c62d0c4e42866f7b6a8dca16.png","https://i0.hdslb.com/bfs/archive/2d95b32fa798514c9bc0b844435a877a4e891aad.png"
20180312,"封印解除","https://i0.hdslb.com/bfs/archive/a1eac0024b37eb6c28e820c599b73248823b9f5e.png","https://i0.hdslb.com/bfs/archive/41960050222ecde96b62372086333668e68dde46.png"
20180308,"回忆中的那个人","https://i0.hdslb.com/bfs/archive/e799383f402c867ca8d2563597ed56a357506e23.png","https://i0.hdslb.com/bfs/archive/11e97e59727eadeb2a6d20cd90358fd12558dadd.png"
20180306,"一起去纽约吧","https://i0.hdslb.com/bfs/archive/fcb04bb1e4ae1fb8bb51eb8c0030d3ed2b3f9cb2.png","https://i0.hdslb.com/bfs/archive/9ec655ec9b1ef3cd1e97f066d27a540e3f40f499.png"
20180305,"","https://i0.hdslb.com/bfs/archive/0ac04c23af3b3297bf02dca163474326898d211d.png","https://i0.hdslb.com/bfs/archive/bdb288021ff854d3ac618ac8c1eafd300ec9ed9b.png"
20180305,"突入！第三阶层！","https://i0.hdslb.com/bfs/archive/380d2f4ccc7db66054cec1d548f1335b3fba8bf8.png","https://i0.hdslb.com/bfs/archive/b1c0b142f56c3746e4600bcb477768fe1777aa6e.png"
20180301,"荒岛求生指南","https://i0.hdslb.com/bfs/archive/d22621bdd23cf81996312803739f0b7a3443e93c.png","https://i0.hdslb.com/bfs/archive/24859d9bcf4a79966d112d32f2d1b091d62b75d0.png"
20180228,"正式投稿啦！","https://i0.hdslb.com/bfs/archive/726bea4afa30156ffbe0cb97596910526244e09c.png","https://i0.hdslb.com/bfs/archive/bddc6b67f46c2602bea89cb9c5ab23d0e8843137.png"
20180226,"快上车吧~","https://i0.hdslb.com/bfs/archive/666e000ff0818b0293e1c6420fa139c9ceb79058.png","https://i0.hdslb.com/bfs/archive/044552f763b91dd047631778ee99371a9aa95d01.png"
20180226,"余要是也能这样活着就好了","https://i0.hdslb.com/bfs/archive/99b886260c7ffb450f535368f546e759acc36b80.png","https://i0.hdslb.com/bfs/archive/405c2f36e37cc7b49d7e5db0f69064eeb9624780.png"
20180224,"正式投稿啦！","https://i0.hdslb.com/bfs/archive/7d4da35db35ab2a5c62d0c4e42866f7b6a8dca16.png","https://i0.hdslb.com/bfs/archive/bddc6b67f46c2602bea89cb9c5ab23d0e8843137.png"
20180223,"你的声音指引着我","https://i0.hdslb.com/bfs/archive/e99de8f3be60ff02d32331e42a08d9b845a5cb56.png","https://i0.hdslb.com/bfs/archive/67bb0f41ba997cd3bee4beb74cda8f094075a6d9.png"
20180221,"正式投稿啦！","https://i0.hdslb.com/bfs/archive/5209a16a79936eb39bac2f1a6eaf544869833fa9.png","https://i0.hdslb.com/bfs/archive/bddc6b67f46c2602bea89cb9c5ab23d0e8843137.png"
20180219,"绝对没问题的！","https://i0.hdslb.com/bfs/archive/13361462031c1d3be8853c6edf94def5fa6495a1.png","https://i0.hdslb.com/bfs/archive/9d49aaaa2490eab18e0432834418b14cf2b6b91a.png"
20180215,"哔哩哔哩2018拜年祭来啦！","https://i0.hdslb.com/bfs/archive/04c6445aabd7fd0a414718b971d5f4b49e5ea153.png","https://i0.hdslb.com/bfs/archive/a6ad6bca0dc0d6b5bdb49af30418d7ca27f497fb.png"
20180215,"","https://i0.hdslb.com/bfs/archive/d0a4b7bd8ff5765a0f815fe3b787b21c034f452f.png","https://i0.hdslb.com/bfs/archive/f4abbe15f1b325af6e94c4957f6aa2d433a1dec8.png"
20180215,"与紫罗兰相称的人","https://i0.hdslb.com/bfs/archive/6c2962973f1918b83108bf4a553038cd874a550c.png","https://i0.hdslb.com/bfs/archive/1d6a9245c06241ce68b0f96e33016ad5d91fff6f.png"
20180213,"比比谁的衣服最好看！","https://i0.hdslb.com/bfs/archive/b139f6aa54a55b70df95843502d8859d72a4a85e.png","https://i0.hdslb.com/bfs/archive/bddc6b67f46c2602bea89cb9c5ab23d0e8843137.png"
20180212,"七天之海正在等着我们","https://i0.hdslb.com/bfs/archive/eb8806622c8e7e0cc0b27e27c34055febeac4d6c.png","https://i0.hdslb.com/bfs/archive/e481f9287faad2a9607fc8ab612fa66d953b9820.png"
20180210,"去吧，皮卡丘~","https://i0.hdslb.com/bfs/archive/bc0f0093212ea08c8dd916a35829c0ec82ed3def.png","https://i0.hdslb.com/bfs/archive/0519519f316389cf600cdb1deacf41754b289503.png"
20180208,"愿你成为优秀的自动手记人偶","https://i0.hdslb.com/bfs/archive/a5d4e198e21be0b2fc2ac5a1ee03b47c4348f0e0.png","https://i0.hdslb.com/bfs/archive/6d9fcd8913374ddf6852ff56668b465b797807c1.png"
20180208,"拜年祭独家信息抢先看~(＾－＾)V","https://i0.hdslb.com/bfs/archive/63cb17d6ffaa7357231cea4634c3a2cf10782f49.png","https://i0.hdslb.com/bfs/archive/26233c9236c4c20f6862c4d1fd56a023c15a1b57.png"
20180204,"卡牌获取！","https://i0.hdslb.com/bfs/archive/eda9135598b526a5b179dd7b1df50d1340cb5e97.png","https://i0.hdslb.com/bfs/archive/01eae08ef3313bb789ee6672ab5e10ef57a08d41.png"
20180202,"想必今天她也在某处吃着拉面","https://i0.hdslb.com/bfs/archive/106240aaeb8cd529648da58ff83e426c81330ce2.png","https://i0.hdslb.com/bfs/archive/d5c3e2c069434aa4ce8f5950d72d318a8ddb9e7d.png"
20180201,"世纪之遇，超级血月","https://i0.hdslb.com/bfs/archive/96c6c30b3dae0c132f62325e74d226a03a473e51.png","https://i0.hdslb.com/bfs/archive/b9ca29866394be1d0229502a4a07ebf4d858229b.png"
20180201,"百万奖金，队员招募~","https://i0.hdslb.com/bfs/archive/917a5a912c42bea496e63c5379099dc43a134e91.png","https://i0.hdslb.com/bfs/archive/6689fe22f884f37d7a471f97cd0cef1adb8d0e9d.png"
20180128,"全新的圣杯战争，开幕。","https://i0.hdslb.com/bfs/archive/84ccedd489de6515cf5482efb5fdf24d6b9968eb.png","https://i0.hdslb.com/bfs/archive/dc79da2c719131f3432e92813bbc1abf75e0f975.png"
20180127,"此处即为迦勒底！","https://i0.hdslb.com/bfs/archive/ba1252d23663ef08e68301e25892bd499e8f3a57.png","https://i0.hdslb.com/bfs/archive/aefa7b5b393f2080c014a59e763a64fea0583f50.png"
20180124,"我想知道「爱」是什么意思","https://i0.hdslb.com/bfs/archive/a67b4b7c2aeba354d2a932ecdfde742840ebbab8.png","https://i0.hdslb.com/bfs/archive/fcb6e701431f1e12c335ef0b58e948f4a3bbc6e7.png"
20180123,"终局特异点 冠位时间神殿","https://i0.hdslb.com/bfs/archive/f8ffd2a12ce45d0d5cb1dabe98520cbe45becba2.png","https://i0.hdslb.com/bfs/archive/a7d59ff044e750220212ffad876607adf3d0c2b3.png"
20180121,"解除封印！","https://i0.hdslb.com/bfs/archive/450d278df2828057095f071cd63e95bed50e5892.png","https://i0.hdslb.com/bfs/archive/9afce2efb672a381ee67e8877f681878a2d0f24c.png"
20180118,"「爱」与自动手记人偶","https://i0.hdslb.com/bfs/archive/0df1b914bff1521f1275cd41cd887e4d47cda02f.png","https://i0.hdslb.com/bfs/archive/2f64cd4dfb37428a750c3e72f7873502e002fd61.png"
20180118,"「爱」与自动书记人偶","https://i0.hdslb.com/bfs/archive/4d2b4751389fe3497eb84eb851a8c2244d444277.png","https://i0.hdslb.com/bfs/archive/482e8323b4f2a4e6c4ca49f049f520fa3aabde61.png"
20180115,"骨傲天回归！","https://i0.hdslb.com/bfs/archive/79d65cddf2e735b91dc082b594b35a80301dc9cc.png","https://i0.hdslb.com/bfs/archive/a7e9b7a218962cb349bcfeb340175778aca58c7e.png"
20180115,"2018英雄联盟职业联赛 bilibili全程直播","https://i0.hdslb.com/bfs/archive/a807c1ee02e0f9f9e93e8c8fd0a4643c638890b1.png","https://i0.hdslb.com/bfs/archive/de2f5a397e65a993ac85a7ebcb7e371ce17a69fe.png"
20180111,"全体起立","https://i0.hdslb.com/bfs/archive/0c580dd92cbe8e46c950483081602e8c9c9fe355.png","https://i0.hdslb.com/bfs/archive/0b3503c21a4f915803d2c41c5535798ae136290f.png"
20180108,"我想和你在一起……","https://i0.hdslb.com/bfs/archive/4a53ab3d6c5d7036de86a4b1ad0405a936abf83a.png","https://i0.hdslb.com/bfs/archive/f77c8a0c3bab59e79f584e2cd528475c7ef526fe.png"
20180107,"封印解除！","https://i0.hdslb.com/bfs/archive/4adab61f90a6c9a48b5ee600efc1751822b9caed.png","https://i0.hdslb.com/bfs/archive/f2877c1e55ee821a8c6375147227bd1359512bdb.png"
20180106,"特邀您参加涂山新年庆典！","https://i0.hdslb.com/bfs/archive/bd6dbb00f9426a4abdbbbd282fcc93f77cedf9c7.png","https://i0.hdslb.com/bfs/archive/5825692376d2581cf606c6ab49a89eeccf5428b9.png"
20180105,"不同的打开方式，不一样的感受","https://i0.hdslb.com/bfs/archive/3e79c9626ce24952fd3a73448543ffe5212b0214.png","https://i0.hdslb.com/bfs/archive/ce152d0f91f8db9bb2c5b5c5f5bfbcc8493c8ec4.png"
20180105,"想必今天她也在某处吃着拉面","https://i0.hdslb.com/bfs/archive/4d2ddb8252176411de468323a62d89568b9249d0.png","https://i0.hdslb.com/bfs/archive/53a9c3574ad2f5f6679b93ba436fb44ed6418ffd.png"
20180104,"原来你是这样的国宝","https://i0.hdslb.com/bfs/archive/cc010b86f042264a244194535e616503fa3b5d8a.png","https://i0.hdslb.com/bfs/archive/d214f6155f73e9c5ac0a70e0732e04e48f1fb528.png"
20180101,"2018bilibili新年MV《再来一杯》～","https://i0.hdslb.com/bfs/archive/56f1fd57a1e33880d32743d86828b6bc9f23aa06.png","https://i0.hdslb.com/bfs/archive/ade509115ff90e7e8ea42f5a967cd259e5a36688.png"
20180101,"2017印象最深的一部是…？","https://i0.hdslb.com/bfs/archive/98224deecf5bcd5de70a33fb6f8f98b194da0244.png","https://i0.hdslb.com/bfs/archive/c643eaf41f771f013ebb4b4aa28f79b7b335059d.png"
20180101,"为观众姥爷递上2018年的追番清单！","https://i0.hdslb.com/bfs/archive/2c3d777790d6777d7b60d42285e542b7be0998a2.png","https://i0.hdslb.com/bfs/archive/d0bb4e3cc0f1178f2cb05ea579ea9a3540f1a922.png"
20171231,"剑网3重制版 大美江湖 幸甚有你","https://i0.hdslb.com/bfs/archive/e634bc40a7b425cda98650a8a61b7b6962e52ae7.png","https://i0.hdslb.com/bfs/archive/32f63b5b8ab14cfbc2ced36387844b1c51bd2455.png"
20171228,"哔哩哔哩直播总选大会活动","https://i0.hdslb.com/bfs/archive/62f20f64b0a95abdbf9b2fc9168ed5c70e6f0f3b.png","https://i0.hdslb.com/bfs/archive/043ce94a70db3670a812669f8f7d4a9e9c8ef0d1.png"
20171228,"","https://i0.hdslb.com/bfs/archive/cf23f4b08343954f52e3a2a672294d33933ef079.png","https://i0.hdslb.com/bfs/archive/043ce94a70db3670a812669f8f7d4a9e9c8ef0d1.png"
20171226,"","https://i0.hdslb.com/bfs/archive/cefea37f46fcc2032d6c12fd11df3f6b5b4ec341.png","https://i0.hdslb.com/bfs/archive/eb023708f151543e83afb808294edd5bc5b9fab0.png"
20171223,"你想看的都在这里~","https://i0.hdslb.com/bfs/archive/0489b204c5f4f77d4527b5d6b1028e6bd479ef5b.png","https://i0.hdslb.com/bfs/archive/e4c82ff80af21a1b588629235eda6bdf84142e64.png"
20171222,"以假乱真的仿妆，逆天的化妆术","https://i0.hdslb.com/bfs/archive/b8f00e45be729954ba35b41b674435b917fff4f6.png","https://i0.hdslb.com/bfs/archive/5665b91cd1edff0ce3df3274ffe3ded86874461f.png"
20171220,"刀剑神域剧场版上线啦~","https://i0.hdslb.com/bfs/archive/50da511b33c14105794fded7749d9cd1d7d1333e.png","https://i0.hdslb.com/bfs/archive/78d99a10f2ad53f943646b26331f00563267528e.png"
20171220,"2017年度弹幕居然是TA","https://i0.hdslb.com/bfs/archive/bdc0f60981dc5c1ac91d4af8627a7a5d24879613.png","https://i0.hdslb.com/bfs/archive/5095e9af25062db4cc22e9c47d02806b0654ccfb.png"
20171218,"BBC满分神作是怎么拍出来的","https://i0.hdslb.com/bfs/archive/6115c41e8d9c81dc8a35c0922885f1dcf6add778.png","https://i0.hdslb.com/bfs/archive/434c7d05ff3a99142ef81ef73613d364613001df.png"
20171218,"进了进了进了！！","https://i0.hdslb.com/bfs/archive/02a0c539058517ef182c208e9b55b6afe7d8e28d.png","https://i0.hdslb.com/bfs/archive/6ba09af96f8099be30f7e38171c96281010e3d3b.png"
20171217,"BBC满分神作是怎么拍出来的","https://i0.hdslb.com/bfs/archive/4a2cfbaf6629eaa927b65838e19de323028473ba.png","https://i0.hdslb.com/bfs/archive/434c7d05ff3a99142ef81ef73613d364613001df.png"
20171206,"一起见证国宝基因密码","https://i0.hdslb.com/bfs/archive/055e0a01296a7204a68ae5205da1b2b0b80942e8.png","https://i0.hdslb.com/bfs/archive/1165ee9416845f33e19a5d5bbf5403e8fb70eaa5.png"
20171206,"一起见证国宝基因密码","https://i0.hdslb.com/bfs/archive/e59954198cbfb5b21dd592ace3960f6aea7dd646.png","https://i0.hdslb.com/bfs/archive/1165ee9416845f33e19a5d5bbf5403e8fb70eaa5.png"
20171206,"一起见证国宝基因密码","https://i0.hdslb.com/bfs/archive/35fc4cf45461006b0aa021f0fe1af7a2bd3c518f.png","https://i0.hdslb.com/bfs/archive/1165ee9416845f33e19a5d5bbf5403e8fb70eaa5.png"
20171203,"磷叶石的新生","https://i0.hdslb.com/bfs/archive/b0b2ad803b90e3d6ff2e0309b0e0f23827be03e5.png","https://i0.hdslb.com/bfs/archive/7668e7536623d39f36eeeaadbb25512b5a989396.png"
20171201,"高光一刻，hold住全场！","https://i0.hdslb.com/bfs/archive/ae0335e56ab60ab969fd7416dc99ee7c4b6ed0a3.png","https://i0.hdslb.com/bfs/archive/6ba09af96f8099be30f7e38171c96281010e3d3b.png"
20171128,"染上少女的颜色","https://i0.hdslb.com/bfs/archive/6c27dbf0a0c78f454168553163615dcc5760ebd0.png","https://i0.hdslb.com/bfs/archive/15a6378d0f974f7ca5bc0049a95997f3515a5f0d.png"
20171125,"告白实行委员会","https://i0.hdslb.com/bfs/archive/64d884265e9ace9975aedb505e4bc26a1383ec86.png","https://i0.hdslb.com/bfs/archive/f5bcd135246fe43ec4eb1b50624536a38ac9cdb3.png"
20171124,"","https://i0.hdslb.com/bfs/archive/f33b6a80d94c7c1a0d5b89cbd26c9eb3bd738560.png","https://i0.hdslb.com/bfs/archive/6750d856d4537b96aaf22231b02630bebdb00a18.png"
20171122,"一起来跳小埋体操吧~","https://i0.hdslb.com/bfs/archive/9f46e65a404f3941e2857b25f2381069ff44662c.png","https://i0.hdslb.com/bfs/archive/9450d8fad3458aed22b3b66ea52447a0b48c10a2.png"
20171122,"","https://i0.hdslb.com/bfs/archive/8a7745bf492ba4565c139909be8d7e9529c07e4a.png","https://i0.hdslb.com/bfs/archive/eb023708f151543e83afb808294edd5bc5b9fab0.png"
20171121,"","https://i0.hdslb.com/bfs/archive/f1d6235c0dd75369b8836fe44bfde8490617c9e4.png","https://i0.hdslb.com/bfs/archive/06ea04384b28bca4a9e28f3b16e0650874f40dfc.png"
20171115,"染上少女的颜色","https://i0.hdslb.com/bfs/archive/c84bf8ec1613144f2b560f796d49c30c36607cd1.png","https://i0.hdslb.com/bfs/archive/54eb40cf5dd500d3a3d7c395bd8b5001646f6cc5.png"
20171109,"这次游戏区又要搞什么鬼？","https://i0.hdslb.com/bfs/archive/3397ce6dac7f4d640a46839f36e6ae33d6b79ab5.png","https://i0.hdslb.com/bfs/archive/33ffae3fddb57974d9620ddf0299c9626dca61c4.png"
20171101,"一起来跳小埋体操吧~","https://i0.hdslb.com/bfs/archive/9c4d95a0a44329793f1038a10d9041f2b3a56628.png","https://i0.hdslb.com/bfs/archive/96c3bc4f8c08c4847e02ef5601dbed34f7025e16.png"
20171101,"黑发少女与前辈的奇妙恋爱","https://i0.hdslb.com/bfs/archive/ccc1a65b5dffaaeb6222b0cf466aa139ed6a757f.png","https://i0.hdslb.com/bfs/archive/053b67e2df3ba15800d3f1eb36f67c0e89eef9be.png"
20171027,"","https://i0.hdslb.com/bfs/archive/04f82f8da2ea80c7ef09a22e181740ddf1fdaa29.png","https://i0.hdslb.com/bfs/archive/f1c918152ffd4192366bc51fc9c41dd133b86854.png"
20171027,"","https://i0.hdslb.com/bfs/archive/04f82f8da2ea80c7ef09a22e181740ddf1fdaa29.png","https://i0.hdslb.com/bfs/archive/fa26741026669c9378a23e108b5cbaf6c4aa2a69.png"
20171024,"一起感受星之律动！","https://i0.hdslb.com/bfs/archive/eed32828b45d92c13c4338c7b7987fedd077a70b.png","https://i0.hdslb.com/bfs/archive/68060080f8aba6d8b649e8825644d926b93b75a4.png"
20171023,"","https://i0.hdslb.com/bfs/archive/e364cf8a26a1c207a7661029d25286a8119419d3.png","https://i0.hdslb.com/bfs/archive/9f50aae25a60860dfb38f675835a1256dbd50a88.png"
20171004,"2017 BML全程回播！","https://i0.hdslb.com/bfs/archive/ec3978e62636f8c8c75c66f33b3dba408b85c6b3.png","https://i0.hdslb.com/bfs/archive/e8bb781af60f318a520efadd9412d356f780c046.png"
20171003,"","https://i0.hdslb.com/bfs/archive/cbafeebf3b479f6d0c3384d1a9a5ddbbd1cf42f0.png","https://i0.hdslb.com/bfs/archive/62be4a2a2ea70883112b4b73b2cc20f8f60b2a44.png"
20171001,"长假追番清单！","https://i0.hdslb.com/bfs/archive/7194f83fcb011b609f354e27d7188c29586df444.png","https://i0.hdslb.com/bfs/archive/337c57bf55a5fa3fdad48a69ff3481d3dafaed99.png"
20170929,"","https://i0.hdslb.com/bfs/archive/0625ab02b001e26eab5fcbd74db980910256a1aa.png","https://i0.hdslb.com/bfs/archive/2c361be9ce23efc1d87099906e7cb7f3b79e9e01.png"
20170928,"欢迎来到实力至上主义的教室","https://i0.hdslb.com/bfs/archive/a28b4df42234346ced790dcc0d721dedcb37f3e3.png","https://i0.hdslb.com/bfs/archive/a6512ad74ee414a8a234069ac5a4b84f824db4fb.png"
20170925,"","https://i0.hdslb.com/bfs/archive/1406e10ab2aef2c6858d59cb71dc291434013106.png","https://i0.hdslb.com/bfs/archive/08bf65e3db505390d08c703ba15991441c24c581.png"
20170925,"","https://i0.hdslb.com/bfs/archive/8be1b0a28fd4eaa57b7f37e10b10a24af204ed7a.png","https://i0.hdslb.com/bfs/archive/08bf65e3db505390d08c703ba15991441c24c581.png"
20170924,"","https://i0.hdslb.com/bfs/archive/ebf2000008ee7e101153e7323222c23caa1de8ea.png","https://i0.hdslb.com/bfs/archive/13e4ce5ec1342d6f2108a58cd791fc7aeb320212.png"
20170923,"","https://i0.hdslb.com/bfs/archive/294c025aeb253d5bf3dd90a17dd97e0b1d5d73f4.png","https://i0.hdslb.com/bfs/archive/18bd6c1fd6b81e674bc83c71fd8bb9530c8bf7cc.png"
20170919,"命运食之门的选择，猫屋食堂，值得你的光临！","https://i0.hdslb.com/bfs/archive/ace6de50353d6d8fdd7a8d6a2c48373667530ee6.png","https://i0.hdslb.com/bfs/archive/147ea5eeb68367e686ead453ebfe5d123e7ccbf1.png"
20170917,"","https://i0.hdslb.com/bfs/archive/d0c7a66f6bc19a64996d3816beaa6818f3d619b7.png","https://i0.hdslb.com/bfs/archive/f8cf00aa92bf6a8bc7706f8e4df669ad57d59f7c.png"
20170915,"前方一大波主子高能来袭！","https://i0.hdslb.com/bfs/archive/1d6c14d5079034ecf8a9daa1c7a4c30fbdfb083a.png","https://i0.hdslb.com/bfs/archive/f56ab19a3b384cd9c0b68167e1b91a3f84de299b.png"
20170914,"路哥他不低头","https://i0.hdslb.com/bfs/archive/1f0a557fba6e7535acab3056fdbe0599f40ad345.png","https://i0.hdslb.com/bfs/archive/89e8ea826a76564cc91d48821504cef5fdb12bdc.png"
20170914,"路哥他不低头","https://i0.hdslb.com/bfs/archive/207899b0b4d53c4d8e373dde31e90a2525e437ad.png","https://i0.hdslb.com/bfs/archive/e42a113442f9a8923c7faafc6f2061785d090834.png"
20170912,"世界仅为两人存在","https://i0.hdslb.com/bfs/archive/54d562bb9cc102da3d7b8906cf7ae0e68a080ddc.png","https://i0.hdslb.com/bfs/archive/354b511fb503caeb3066f2145736d12f46222580.png"
20170907,"","https://i0.hdslb.com/bfs/archive/5d54c71eddc9f5229414369bba59eb7e552ef588.png","https://i0.hdslb.com/bfs/archive/08bf65e3db505390d08c703ba15991441c24c581.png"
20170827,"《你的名字。》与你重逢","https://i0.hdslb.com/bfs/archive/6ec7ae7855d662738cc3dc9ceff94110f858a91a.png","https://i0.hdslb.com/bfs/archive/e10e8b42ca74998d821553683916a9717b2b1f31.png"
20170826,"一起来为真爱应援打call！","https://i0.hdslb.com/bfs/archive/a37923b33e27a31e9ba33d5e8e5cac02e6536216.png","https://i0.hdslb.com/bfs/archive/46a0ca01ca8757479125c0dfd5f34db0756ede6f.png"
20170825,"表达心意 就在此刻","https://i0.hdslb.com/bfs/archive/eac0b146bb5fd780c608fa62eb665919d104eb18.png","https://i0.hdslb.com/bfs/archive/e10e8b42ca74998d821553683916a9717b2b1f31.png"
20170823,"一起来为真爱应援打call！","https://i0.hdslb.com/bfs/archive/3dcb6fc19e3f4f898625f5f9a8cf860dacac67b6.png","https://i0.hdslb.com/bfs/archive/5f6ca946718469b3a2918e3065ec81d63bb477c4.png"
20170817,"赌上神明性命的战争！","https://i0.hdslb.com/bfs/archive/db5a6ae02662b753df58982737fadd4ff7a74779.png","https://i0.hdslb.com/bfs/archive/73e1700082432c301a505124eccd1182a2b0cee6.png"
20170812,"欢迎来到猫屋，请问您肚子饿了嘛？","https://i0.hdslb.com/bfs/archive/7af328b6fe7dde48059a93276372474c865c780a.png","https://i0.hdslb.com/bfs/archive/58cad0937fc93fa904245008b6475c028e34d9b1.png"
20170808,"一起来为真爱应援打call！","https://i0.hdslb.com/bfs/archive/70e73593e5a9c469016ee28cb1f5660d5fa45c34.png","https://i0.hdslb.com/bfs/archive/191130e87065909fcff49c7d5c4fcac113b8d498.png"
20170807,"欢迎各位来到超还原大赛的活动现场~","https://i0.hdslb.com/bfs/archive/e9106fc792947c2fe8d359f2decce3681fd2c9c0.png","https://i0.hdslb.com/bfs/archive/3d96bb982205bc220e8bb278b7db4440ab99624e.png"
20170730,"bilibili夏日挑战季","https://i0.hdslb.com/bfs/archive/6526fb03e266348dfa98e9a323413b04b77e561f.png","https://i0.hdslb.com/bfs/archive/a762fa6a6a1d9484803f7425682f7db0a614ec32.png"
20170726,"篮球队应援团小姐姐们闪亮登场！","https://i0.hdslb.com/bfs/archive/706230ef57b802348c09c2db3aced0566ee2ae19.png","https://i0.hdslb.com/bfs/archive/ce10ffcb4e9d874f888acbe55087fd55aee3be29.png"
20170723,"狂欢的舞台，最好的演出！","https://i0.hdslb.com/bfs/archive/0c27def121cf8e6fbfa85cb2ade489ae4cce591e.png","https://i0.hdslb.com/bfs/archive/ce2b6d94070c8507e2748e2f27cdd6e6f3129e1f.png"
20170722,"一起来为真爱应援打call！","https://i0.hdslb.com/bfs/archive/dec9d884ed320d83dce6f2ad09be76b100d497e6.png","https://i0.hdslb.com/bfs/archive/4455720eb19630dc315c8a0f8d9bd9814aa39df9.png"
20170721,"10位虚拟偶像同台！","https://i0.hdslb.com/bfs/archive/98b8bde7e448b594b75fe674c1604b2b052c0145.png","https://i0.hdslb.com/bfs/archive/ce2b6d94070c8507e2748e2f27cdd6e6f3129e1f.png"
20170721,"Bilibili world 9:30~16:30同步直播！","https://i0.hdslb.com/bfs/archive/1a081aa7ee24d9fd9c089f3f1d00e9e4ab595bc9.png","https://i0.hdslb.com/bfs/archive/f8a6d03233c161c294b6479cadff83540dfd5075.png"
20170720,"来为真爱投票！","https://i0.hdslb.com/bfs/archive/f7a43a6b985071d8a4bdcb60ef9a179f07269622.png","https://i0.hdslb.com/bfs/archive/6ee72153ca2aa25927603265308d9ee76d929858.png"
20170718,"八强对决！来为真爱投票！","https://i0.hdslb.com/bfs/archive/18830801329cb4a2b3541ae0a8d69aa462cd3089.png","https://i0.hdslb.com/bfs/archive/400306856f299837a9960d5f4bc639d575d6ca7a.png"
20170717,"你喜欢的，就在你身边","https://i0.hdslb.com/bfs/archive/53f559381df671f0f418ac8f5fc307d495f0d7f2.png","https://i0.hdslb.com/bfs/archive/ce2b6d94070c8507e2748e2f27cdd6e6f3129e1f.png"
20170717,"你喜欢的，就在你身边","https://i0.hdslb.com/bfs/archive/08a152cc7059686cb8a1b805d1e5c341b1f95540.png","https://i0.hdslb.com/bfs/archive/ce2b6d94070c8507e2748e2f27cdd6e6f3129e1f.png"
20170712,"BWORLD已获得的情报-舞台篇①","https://i0.hdslb.com/bfs/archive/288766b74ecaa3740d8c1eb220b4f2a411a33931.png","https://i0.hdslb.com/bfs/archive/ce2b6d94070c8507e2748e2f27cdd6e6f3129e1f.png"
20170711,"本战！一起来为真爱应援！","https://i0.hdslb.com/bfs/archive/48d17d93da3fcc7905895f154eb36554f2e487e9.png","https://i0.hdslb.com/bfs/archive/5158483f7ef5c8d155be6fd0cfe402c0e3253be0.png"
20170710,"上海哔哩哔哩篮球队应援团招募开启！","https://i0.hdslb.com/bfs/archive/7d1fc8407d390b607d8c601610783c481e1757c2.png","https://i0.hdslb.com/bfs/archive/8a3d6e6d592b6278e4ae761256aad59c6c687d48.png"
20170708,"这个舞台需要你的灵光一闪！","https://i0.hdslb.com/bfs/archive/b903a75225ca12d8406e79c6a8a1af007fe02ce6.png","https://i0.hdslb.com/bfs/archive/f610ee9f91f8779de9d5e0e100d882dc40c4585e.png"
20170705,"BWORLD舞台及嘉宾情报公开！","https://i0.hdslb.com/bfs/archive/d6954524a6006807fdf3ff19f4e60abb5dade04a.png","https://i0.hdslb.com/bfs/archive/e7587600bd10b846bdc55c7233f00ddd35d2f6ec.png"
20170702,"来为你喜欢的角色投票应援吧！","https://i0.hdslb.com/bfs/archive/6c02f7031c1274aefbc96619a71b30f0253f38be.png","https://i0.hdslb.com/bfs/archive/4b021054088ef4e31e0b45594d07a11957f8cddc.png"
20170701,"上海哔哩哔哩篮球队应援团招募开启！","https://i0.hdslb.com/bfs/archive/e18766a042824c7175230af74400b905049b6fe8.png","https://i0.hdslb.com/bfs/archive/2556de50a0901dfd17287afac6687333f3843284.png"
20170701,"您的夏日国产动画导视请签收！","https://i0.hdslb.com/bfs/archive/91f48aa285d511bc68ac314d35fc2a3134137a32.png","https://i0.hdslb.com/bfs/archive/a258fb4e6a0c5d7305f4e5f75be56b681d88c022.png"
20170628,"前方一大波优质动画来袭~","https://i0.hdslb.com/bfs/archive/00669f9c9a312204b6221e94892c5c268f6d8225.png","https://i0.hdslb.com/bfs/archive/c49ab1cf6c139a1189d638afc07f49ad41ee66ec.png"
20170626,"再次感受朵蜜的力量吧！","https://i0.hdslb.com/bfs/archive/e4889b927c4b7bdaa2876d37530cfd53260119e4.png","https://i0.hdslb.com/bfs/archive/c6a43081cd1ed031848d81fcc38c3d56ca88c038.png"
20170626,"你我的B站bilibili8周年","https://i0.hdslb.com/bfs/archive/80d066b94a02fc72cf855e022517872c1dbef895.png","https://i0.hdslb.com/bfs/archive/e6736f4a7a2e9240bce2ee194691ef9a4616df05.png"
20170626,"你我的B站bilibili8周年","https://i0.hdslb.com/bfs/archive/a421773e566a623fca26e12ae3921bda4a3fd856.png","https://i0.hdslb.com/bfs/archive/3d30de7942ed74d2515f28ae04eb1444e8d57f40.png"
20170620,"BML预售进行中","https://i0.hdslb.com/bfs/archive/4e1d79cc2cba08d4e348f343d34ce323b14b1585.png","https://i0.hdslb.com/bfs/archive/3447a59eeb34b15214b59c0a979ab22b6e74fe65.png"
20170619,"BML预购开启","https://i0.hdslb.com/bfs/archive/4e1d79cc2cba08d4e348f343d34ce323b14b1585.png","https://i0.hdslb.com/bfs/archive/2a25a4d2a0b941c02fc825ec10fda31d237548c4.png"
20170618,"BML预购即将开启","https://i0.hdslb.com/bfs/archive/b530048d0bcb1b535328aa9a96258f1dd6a1cd47.png","https://i0.hdslb.com/bfs/archive/2a25a4d2a0b941c02fc825ec10fda31d237548c4.png"
20170618,"BML大会员预购开启","https://i0.hdslb.com/bfs/archive/a9be1253d146ed99bc23089a5bb2593ca4623797.png","https://i0.hdslb.com/bfs/archive/2a25a4d2a0b941c02fc825ec10fda31d237548c4.png"
20170618,"BML大会员预购即将开启","https://i0.hdslb.com/bfs/archive/c23663b2175dee20e877868d7e946814d8dfeb4f.png","https://i0.hdslb.com/bfs/archive/2a25a4d2a0b941c02fc825ec10fda31d237548c4.png"
20170618,"BML-SP预购开启","https://i0.hdslb.com/bfs/archive/45d6ba692b1f3b63760acb9ab34fe0d2d14dbad9.png","https://i0.hdslb.com/bfs/archive/3447a59eeb34b15214b59c0a979ab22b6e74fe65.png"
20170617,"BML-SP预购即将开启","https://i0.hdslb.com/bfs/archive/353d2bcfb891844e21442d1c0a134c6b6817a026.png","https://i0.hdslb.com/bfs/archive/3447a59eeb34b15214b59c0a979ab22b6e74fe65.png"
20170617,"BML-SP大会员预购开启","https://i0.hdslb.com/bfs/archive/3df265e07c10f8ef347366a06b358b9beca25587.png","https://i0.hdslb.com/bfs/archive/3447a59eeb34b15214b59c0a979ab22b6e74fe65.png"
20170617,"BML-SP大会员预购即将开启","https://i0.hdslb.com/bfs/archive/fafd1e7b3dc63566cd6dfb31ea0684bfcbf1a7f9.png","https://i0.hdslb.com/bfs/archive/3447a59eeb34b15214b59c0a979ab22b6e74fe65.png"
20170617,"BML-VR, BWORLD预购开启","https://i0.hdslb.com/bfs/archive/df064a73318b2a656b1f997ce50365abd6407985.png","https://i0.hdslb.com/bfs/archive/3447a59eeb34b15214b59c0a979ab22b6e74fe65.png"
20170616,"BML-VR, BWORLD预购即将开启","https://i0.hdslb.com/bfs/archive/37f45f97b9048d89b48638a57815600eef2ef9f6.png","https://i0.hdslb.com/bfs/archive/3447a59eeb34b15214b59c0a979ab22b6e74fe65.png"
20170616,"BML-VR大会员预购开启","https://i0.hdslb.com/bfs/archive/a81dcfd374f0874ad80b148c189f4988c1223687.png","https://i0.hdslb.com/bfs/archive/3447a59eeb34b15214b59c0a979ab22b6e74fe65.png"
20170616,"BML-VR大会员预购开启","https://i0.hdslb.com/bfs/archive/2a64903f809ad442bfc6c3bc76ec7dbf6091b687.png","https://i0.hdslb.com/bfs/archive/3447a59eeb34b15214b59c0a979ab22b6e74fe65.png"
20170616,"BML－VR大会员预购即将开启","https://i0.hdslb.com/bfs/archive/ebfc39abb56883e0c95f31866ab8c2cf9505a81e.png","https://i0.hdslb.com/bfs/archive/3447a59eeb34b15214b59c0a979ab22b6e74fe65.png"
20170612,"BDF等你来接力！","https://i0.hdslb.com/bfs/archive/298abf99ca6cc1fef3d91fe5681f52988e928027.png","https://i0.hdslb.com/bfs/archive/64a571de1c9f86dac3a3b700d62129468ab4dcf2.png"
20170610,"预约、补遗环节开始啦！","https://i0.hdslb.com/bfs/archive/229d3c2d3f4e23e508674409ee5c89057818a1b1.png","https://i0.hdslb.com/bfs/archive/4b021054088ef4e31e0b45594d07a11957f8cddc.png"
20170610,"BILIBILI MACRO LINK 2017","https://i0.hdslb.com/bfs/archive/4b867b407a643e5265e30e783fe2a77e0f269c91.png","https://i0.hdslb.com/bfs/archive/2a25a4d2a0b941c02fc825ec10fda31d237548c4.png"
20170603,"","https://i0.hdslb.com/bfs/archive/17759bd2d61eb97e992642f79a15ddabd015d0dc.png","https://i0.hdslb.com/bfs/archive/58d322146cb4b1685a5775478b9753f96a0c2ff6.png"
20170602,"《碧蓝航线》全平台公测今日正式开启！","https://i0.hdslb.com/bfs/archive/d1f784b2c86690cde9e82d0a6805c4828580a6a1.png","https://i0.hdslb.com/bfs/archive/e2243c950fa7d8fd191385d496b4c9b0e245096d.png"
20170601,"谁还没个童年阴影什么的¯\(ツ)/¯","https://i0.hdslb.com/bfs/archive/583e5db0ffa0c4de4fc88de35e802767a9c93b63.png","https://i0.hdslb.com/bfs/archive/5d49497b6b7f30950f37c4aff205e7dd1494f3b9.png"
20170526,"","https://i0.hdslb.com/bfs/archive/57c5ced363be9f08b4cacf1745e221d3bb99d7c5.png","https://i0.hdslb.com/bfs/archive/58d322146cb4b1685a5775478b9753f96a0c2ff6.png"
20170526,"一起来接吻吧~","https://i0.hdslb.com/bfs/archive/9936223f5eba58f7c008ccbc064559d40f0f16a1.png","https://i0.hdslb.com/bfs/archive/5de91bade177d39c60cdd6a30b2c7185d1472083.png"
20170525,"《碧蓝航线》iOS版本今日正式开启！","https://i0.hdslb.com/bfs/archive/0996bc013e8237d36fe51f9226ee5f2ae7219c36.png","https://i0.hdslb.com/bfs/archive/e2243c950fa7d8fd191385d496b4c9b0e245096d.png"
20170520,"《FGO》X《FZ》联动活动正式开启！","https://i0.hdslb.com/bfs/archive/776fefd7f59fa85094f69bb57091058908f5b73a.png","https://i0.hdslb.com/bfs/archive/4e9696da942aebf01370eaffd74fd632944b76f4.png"
20170510,"BDF2017火热进行中","https://i0.hdslb.com/bfs/archive/cd6bb3f30d075b03e8f1f14c4d82c263ab8f8278.png","https://i0.hdslb.com/bfs/archive/64a571de1c9f86dac3a3b700d62129468ab4dcf2.png"
20170501,"没事脑洞一下！","https://i0.hdslb.com/bfs/archive/92647b115ee9e11c26fcaad65c6f8dfd801eecd5.png","https://i0.hdslb.com/bfs/archive/cb3897620bce43e9afe11484050e782065f53eef.png"
20170408,"bilibili 2017国产动画春夏导视","https://i0.hdslb.com/bfs/archive/a9f06d33687afc79449fc2f2197a3cbcaa20c247.png","https://i0.hdslb.com/bfs/archive/46aa97060d18fe02da1a93881a649cce919bfc49.png"
20170407,"2017春季新番导视","https://i0.hdslb.com/bfs/archive/1a9fd6d795e4455060e14249f2705d20ff0149e9.png","https://i0.hdslb.com/bfs/archive/da8cab79f8b27d341e3ad3b88a48f904a32c8976.png"
20170402,"2017春季新番导视","https://i0.hdslb.com/bfs/archive/38e61b3131e090e3aeead3ffe2a0e43bee67c51a.jpg","https://i0.hdslb.com/bfs/archive/da8cab79f8b27d341e3ad3b88a48f904a32c8976.png"
20170401,"鹅妹子嘤！","https://i0.hdslb.com/bfs/archive/d2165850130474d579bdfb9146a7ec308be26446.png","https://i0.hdslb.com/bfs/archive/41fcdc674a7f10e76af2a3da5a6e2f90154bbd4a.png"
20170302,"“啊~~~饿了~~~~~”","https://i0.hdslb.com/bfs/archive/c7602941f98f4ce10bca4f792aae1d920c243d01.jpg","https://i0.hdslb.com/bfs/archive/4fa6b0f0492a992fbd00c48ac12d24e00fbdb179.png"
20170212,"哔哩哔哩 (゜-゜)つロ 干杯~","https://i0.hdslb.com/bfs/archive/4f59bf959d51592016e07efe62969c411288826a.png","https://i0.hdslb.com/bfs/archive/bb2aa0d954bf59d4ee555a8a603fe83888463b6b.png"
20170211,"一起来闹元宵吧！","https://i0.hdslb.com/bfs/archive/4b9c7031618e743f3ed3e13f74ebc0130c55d981.jpg","https://i0.hdslb.com/bfs/archive/51b931c6f1908d36a6094078118403544ae8e8c2.png"
20170206,"今年的拜年祭你看了吗？(●`з´●)","https://i0.hdslb.com/bfs/archive/d018a3742c508cc379472735bf7d124cc7ae9f13.jpg","https://i0.hdslb.com/bfs/archive/ab1c51161404343df6feaed0a18352f7474c2430.png"
20170131,"“啊~~~饿了~~~~~”","https://i0.hdslb.com/bfs/archive/b727644ee9a63d1e752137034e21919b02e3fafd.jpg","https://i0.hdslb.com/bfs/archive/4fa6b0f0492a992fbd00c48ac12d24e00fbdb179.png"
20170123,"据说都预定光了，就剩这几个了","https://i0.hdslb.com/bfs/archive/1e58c47e46f8bed317cd8edf01be7294fb00ca09.jpg","https://i0.hdslb.com/bfs/archive/ce560004238a995bbe9103f35b134f6cf18d3d76.png"
20170119,"《我在故宫修文物》大电影上线啦！","https://i0.hdslb.com/bfs/archive/fee36bd316574e964ba36ff7a2be83a5d67ef885.jpg","https://i0.hdslb.com/bfs/archive/e5892a095557622baa7a30f48f4a5c9a5efe26b4.png"
20170107,"bilibili 2017国产动漫导视","https://i0.hdslb.com/bfs/archive/f3201b520073900ebf60e493e39586fac4cf1ad3.jpg","https://i0.hdslb.com/bfs/archive/0fc5f0fef34d1e7639d10fb942e589caccff2637.png"
20170105,"曹保平全新作品 听说你是五星杀手？","https://i0.hdslb.com/bfs/archive/364c2fabef3eb0dc7cdc008543a984fb2d0aa87b.jpg","https://i0.hdslb.com/bfs/archive/f1af2d0aa47d990fa7ade46e0b86baad4258c690.png"
20170104,"地球已经装不下bilibili的新年派对了","https://i0.hdslb.com/bfs/archive/9d52bdcfcce80dfdf615a35f05f75cd2299f74de.jpg","https://i0.hdslb.com/bfs/archive/5fa57f4bfc47fbb67882a90787b0052020c6ba40.png"
20170102,"1月追番走起！","https://i0.hdslb.com/bfs/archive/29dc4f3bc9142dfe2200258524e7fe7d4667752a.jpg","https://i0.hdslb.com/bfs/archive/73d7739b92c218f585289bc12609265bd02f1091.png"
20170101,"元旦决赛，来为真爱投上一票！","https://i0.hdslb.com/bfs/archive/35a85ab9b5da78432d993e20c83c5c3e3f92ff4f.jpg","https://i0.hdslb.com/bfs/archive/0e10850b85ecbf4712a0c7031c403a4bfa52da6a.png"
20161230,"新年快乐！","https://i0.hdslb.com/bfs/archive/380460d80f0d7f8fe8ac182ac8fcbbebec151617.jpg","https://i0.hdslb.com/bfs/archive/44a6c7979dfd332542c549513acabf907af06d2b.png"
20161230,"新年快乐！","https://i0.hdslb.com/bfs/archive/051a2d70a78bdfab111789423cc450313c55bf7f.jpg","https://i0.hdslb.com/bfs/archive/44a6c7979dfd332542c549513acabf907af06d2b.png"
20161228,"八强对决开始，来为真爱投上一票！","https://i0.hdslb.com/bfs/archive/a6ae82f0edc33c846d576bc9d1d39d18cd47373b.jpg","https://i0.hdslb.com/bfs/archive/da978f9ebab798b31e84098df1a3b56bf32be13c.png"
20161228,"奇迹与魔法的约定","https://i0.hdslb.com/bfs/archive/d3faa2a7ef11b609aefa9a05e422010d585218c4.jpg","https://i0.hdslb.com/bfs/archive/e666bb5cc1ba522956bff40bfe902f8efdfbc3d6.png"
20161227,"动画角色人气大赏本战阶段进行中！","https://i0.hdslb.com/bfs/archive/a6ae82f0edc33c846d576bc9d1d39d18cd47373b.jpg","https://i0.hdslb.com/bfs/archive/b951ea21645ec27d64bfca195abb1f2c33fe17fd.png"
20161227,"游园访迹 穿越古今","https://i0.hdslb.com/bfs/archive/d9bc89f28951c1d7d8d17fd395cf31a6eaa2d35a.jpg","https://i0.hdslb.com/bfs/archive/2fc95e205a40652ddc04ca7ed8ead57324fc68cd.png"
20161226,"地球已经装不下bilibili的新年派对了！","https://i0.hdslb.com/bfs/archive/9d52bdcfcce80dfdf615a35f05f75cd2299f74de.jpg","https://i0.hdslb.com/bfs/archive/b2911ad5e9b3b1a5301bc3a80f9aa92c292e8326.png"
20161225,"八强对决开始，来为真爱投上一票！","https://i0.hdslb.com/bfs/archive/da32eabbc8e4b0bb288b92857440023b8df07931.jpg","https://i0.hdslb.com/bfs/archive/0b1faaa2ad530251176702bfc4bade8d51d598a4.png"
20161224,"八强对决开始，来为真爱投上一票！","https://i0.hdslb.com/bfs/archive/b54aba8852bf524b5ffa5095b093087483d8b8ef.jpg","https://i0.hdslb.com/bfs/archive/da978f9ebab798b31e84098df1a3b56bf32be13c.png"
20161224,"免费领圣诞星！","https://i0.hdslb.com/bfs/archive/06640d1be651040d58320a35f39d3346dd8e469a.jpg","https://i0.hdslb.com/bfs/archive/707a94bd60aca912593875c1f8d0720dc6d1da0c.png"
20161224,"免费领圣诞星！","https://i0.hdslb.com/bfs/archive/ab6b34468bcc179b601541193eda668f2aa6106b.jpg","https://i0.hdslb.com/bfs/archive/bd90aa68aaaaddb1b5421b84298c51f5b90210e0.png"
20161222,"奇迹与魔法的约定","https://i0.hdslb.com/bfs/archive/a64cad79c9cf7840109c3e9f3814a74a6315e172.jpg","https://i0.hdslb.com/bfs/archive/e666bb5cc1ba522956bff40bfe902f8efdfbc3d6.png"
20161221,"教练，我要打篮球！","https://i0.hdslb.com/bfs/archive/49ff095d10eea70420215216198efc5f00bb5d08.jpg","https://i0.hdslb.com/bfs/archive/62fe19d529f66e117551394317ce57d365e56cc4.png"
20161220,"动画角色人气大赏本战阶段进行中！","https://i0.hdslb.com/bfs/archive/b3a71ba441e210dd145a6490e262f2bacb20cff7.jpg","https://i0.hdslb.com/bfs/archive/b951ea21645ec27d64bfca195abb1f2c33fe17fd.png"
20161220,"蜡笔小新  梦境世界大突击 全网首播","https://i0.hdslb.com/bfs/archive/f25b6298f3745107735d7c7a7c68dc45af0e46a8.jpg","https://i0.hdslb.com/bfs/archive/8b270a80b0c8dae04556d165ebd3ffdfc926dc4d.png"
20161215,"故宫小游戏及活动获奖名单发布，详情请戳~","https://i0.hdslb.com/bfs/archive/ae02dbd9ea528fb85539c9a560736e344f3a9c7b.jpg","https://i0.hdslb.com/bfs/archive/e5892a095557622baa7a30f48f4a5c9a5efe26b4.png"
20161204,"两颗心需要多久才能靠近","https://i0.hdslb.com/bfs/archive/63984c385736ae1bc0c406d5f3f0d2676b676456.jpg","https://i0.hdslb.com/bfs/archive/3efb792230a8de65afdbc14f80391af5f9de4271.png"
20161203,"秒速5厘米","https://i0.hdslb.com/bfs/archive/8d67a703546b137fd55b5a8da74599f59b4dfcea.jpg","https://i0.hdslb.com/bfs/archive/ef4de8ea3ea59262c2dbc3f8ff0fe5f08f736f37.png"
20161201,"bilibili请你免费看《你的名字。》","https://i0.hdslb.com/bfs/archive/2c4b089471659c81f58058d4ca8c7716eb04989d.jpg","https://i0.hdslb.com/bfs/archive/44ec7a7a8f75f133db5c326fe5a00e56b789468d.png"
20161126,"比赛进入尾声！来迎接最后的波纹！","https://i0.hdslb.com/bfs/archive/4cee363cbecc5ea367631a992de7d2f0ee82214f.jpg","https://i0.hdslb.com/bfs/archive/d5b5403f2d0567198902abc2b0a09865012c6b6a.png"
20161119,"进来一起见证冠军的诞生！","https://i0.hdslb.com/bfs/archive/37822855a3f9569d3382f11e9a4496280b148801.jpg","https://i0.hdslb.com/bfs/archive/da978f9ebab798b31e84098df1a3b56bf32be13c.png"
20161116,"吃我大核弹！MMD大赛火热投稿中！","https://i0.hdslb.com/bfs/archive/4674eb434eb825cb7540452b5793fa2db1da8678.jpg","https://i0.hdslb.com/bfs/archive/05812abd8218d6bacd01df755b0e20e3ba9e87bd.png"
20161113,"深空远征，永无止境！","https://i0.hdslb.com/bfs/archive/28c5ed397f817f649fb1e132360209378de38752.jpg","https://i0.hdslb.com/bfs/archive/db3dca996b62c03b97f8a88d48a306dbf8762c2d.png"
20161113,"深空远征，永无止境！","https://i0.hdslb.com/bfs/archive/1b6c8ee076b4ece56e2c2efebb8322fa2323ff3d.jpg","https://i0.hdslb.com/bfs/archive/db3dca996b62c03b97f8a88d48a306dbf8762c2d.png"
20161108,"《我在故宫修文物》大电影 12.16电影院见","https://i0.hdslb.com/bfs/archive/02ba7f03a32b04c10e2e9dfda395b90e5fb925fa.jpg","https://i0.hdslb.com/bfs/archive/e02a4adda2f904be2902e46cd19c17d6ebb4b214.png"
20161106,"bilibili moe国产动画场火热开启","https://i0.hdslb.com/bfs/archive/4e0297d844774c1a5e35db1421f520e6523dc211.jpg","https://i0.hdslb.com/bfs/archive/060f1b308c243994d33f3cddcf779c6e56f98f1e.png"
20161106,"2016MMD大赛火热投稿中！","https://i0.hdslb.com/bfs/archive/7a5b2f7e213abdeacc85a9d7ca5bd4bbe8db5e34.jpg","https://i0.hdslb.com/bfs/archive/eeb895f5bb596ab5e0f544d5d438d69123ad5c69.png"
20161105,"bilibili moe 2016 国产动画场参选名单公开！","https://i0.hdslb.com/bfs/archive/1d15aa1f3f2ccf7cea9471232aea608addf89bef.jpg","https://i0.hdslb.com/bfs/archive/5b2a8933b2ed2a46d2e12ff9f4e4bc0b2cec45bf.png"
20161105,"少年来用MMD一决雌雄吧！","https://i0.hdslb.com/bfs/archive/a3074121e1de0d0871960addceb2e1b2299eed5a.jpg","https://i0.hdslb.com/bfs/archive/b2c07af52bc896d9aadfd9ac318262d2e3d56ea1.png"
20161017,"本家争霸赛，我要来翻唱！","https://i0.hdslb.com/bfs/archive/b620aa95caa8782016ded146075cca02af64feb6.jpg","https://i0.hdslb.com/bfs/archive/075604c83614daec0c4129a41ec11b85c9214497.png"
20161017,"和我签订契约，成为魔法少女吧！","https://i0.hdslb.com/bfs/archive/f5a87a36a2ea8026887ba887ba4a306a677dd53d.jpg","https://i0.hdslb.com/bfs/archive/e07cbe482a00fef231688ece24ab459e8ff44b3f.png"
20161017,"超唯美动画 海洋之歌","https://i0.hdslb.com/bfs/archive/60ca4acb1b16e4c8ce2b13096c9df7248cb251ac.png","https://i0.hdslb.com/bfs/archive/281c14460443a111a8c6c238c8306570b4ded1ba.png"
20160826,"MAD大赛结果即将揭晓！","https://i1.hdslb.com/headers/860a48c546929e1183f121ce52f6861d.jpg","https://i0.hdslb.com/headers/ad3ade773313997020515ae2a1ff2c4f.png"
20160821,"版头征集第三期头牌画师出炉！","https://i0.hdslb.com/headers/4d71a7d7a0648eb250798c035af07a41.jpg","https://i2.hdslb.com/headers/f28828f6926f7694eb4c621cca3f6917.png"
20160818,"BDF百人宅舞GO！","https://i1.hdslb.com/headers/75eb0bc1f70eccc3c2d22f0b9d006d5c.jpg","https://i2.hdslb.com/headers/0621531c535a015e300b3ec58d246186.png"
20160817,"噗尼噗尼之小电视来袭！","https://i2.hdslb.com/headers/33bff076ad25402ee62c5398c1f56f5b.jpg","https://i0.hdslb.com/headers/dc01a7b20944eec85ac9f59adb9cd047.png"
20160817,"吾有一言，请诸位静听","https://i1.hdslb.com/headers/693a6f5d57af5c1bb38611a86b23f189.jpg","https://i0.hdslb.com/headers/6a2790942d28914327e0da07d8f0b417.png"
20160816,"你知道今天是什么日子嘛 >.<","https://i1.hdslb.com/headers/7eaa2efbeb105af41a2f9ab4349f24a2.jpg","https://i2.hdslb.com/headers/e1d68c9df1692d58bb832996492e4ebd.png"
20160815,"投票已经开始，膝盖的储量还足够吗","https://i2.hdslb.com/headers/076a349f0ec1ac7ac12593f5f85e78ae.jpg","https://i0.hdslb.com/headers/c5e3bf62bc279dada4a087015e3a596c.png"
20160813,"投票已经开始，膝盖的储量还足够吗","https://i0.hdslb.com/headers/ff86bd53f6219e6262e7e8bb07f6e389.jpg","https://i2.hdslb.com/headers/50a8f93e37c2bc011111a5f58efbe49b.png"
20160811,"Fate系列首款正版手游","https://i0.hdslb.com/headers/51c4734889745f7fd838640971caef9d.jpg","https://i2.hdslb.com/headers/323b9af8dc1737981d5529465e911385.png"
20160810,"噗尼噗尼之小电视来袭！","https://i0.hdslb.com/headers/710ec2a827032cca7b28da16b4f2559c.jpg","https://i2.hdslb.com/headers/536a2e1a26c75daf100c62a0733b5403.png"
20160810,"占领版头的机会来啦！","https://i1.hdslb.com/headers/75190f6e9fbc19d97674ed51f7a7c70f.jpg","https://i0.hdslb.com/headers/e309055a30a7084fcbfc454c39619d9c.png"
20160809,"2233七夕小游戏，约定你！","https://i2.hdslb.com/headers/e671ce5d2d694b3feba3a958bc6af760.jpg","https://i0.hdslb.com/headers/306082d8c31a098ee46167b393fdcafc.png"
20160805,"版头征集第三期投稿开启！","https://i1.hdslb.com/headers/e115de6b579207142d3deee231126eb1.jpg","https://i1.hdslb.com/headers/c320f23f6db231f402d0dbf1893efa81.png"
20160803,"bilibili夏夜鬼畜大赏结果公示","https://i1.hdslb.com/headers/beb582caff4aa01439128a28c9c09b55.jpg","https://i1.hdslb.com/headers/e6c2bc0472c2414def46130d68945bd9.png"
20160803,"bilibili MAD创作大赛","https://i2.hdslb.com/headers/a677f5e596a8b85d0fdee7be6e518de6.jpg","https://i0.hdslb.com/headers/c2043c5ece6554c967ca6a1eae17bee5.png"
20160724,"BML-SP开场啦！","https://i0.hdslb.com/headers/5c6b1b79813ceae9cb4bcf133b0a981f.jpg","https://i2.hdslb.com/headers/5c86339f78c7cf44b58a6f20227015be.png"
20160723,"BML开场啦！","https://i1.hdslb.com/headers/bf25c64d5cdd74c37da0b272748f091e.jpg","https://i0.hdslb.com/headers/d4cc1a8164f42429bd74a4e8e5bb784e.png"
20160720,"欲知唇枪舌战，点击前往观看！","https://i2.hdslb.com/headers/ba8cbb1f46ca8b28b068399ba1cda83e.jpg","https://i1.hdslb.com/headers/bdfef723320fe884e931f03c2adae2b8.png"
20160720,"欲知唇枪舌战，点击前往观看！","https://i2.hdslb.com/headers/89c5fa8b9ac10a3b1ccce515c3a5a660.jpg","https://i1.hdslb.com/headers/bdfef723320fe884e931f03c2adae2b8.png"
20160715,"一颗榴莲的救世传说","https://i0.hdslb.com/group1/M00/B7/B2/oYYBAFeHTAeALopmAALWYlwcwM0943.jpg","https://i0.hdslb.com/group1/M00/B7/B2/oYYBAFeHTAuAQeLdAAA7lyeCD7M835.png"
20160714,"bilibili番剧异闻录","https://i0.hdslb.com/group1/M00/B7/AB/oYYBAFeEWxSAG--vAAQ-txIWH0I610.png","https://i0.hdslb.com/group1/M00/B7/AB/oYYBAFeEWxKAQz_ZAABRnhcMCFM373.png"
20160713,"真当局座不上B站？","https://i0.hdslb.com/group1/M00/B7/AE/oYYBAFeFriOAO3W1AAJa4XHAXiA844.jpg","https://i0.hdslb.com/group1/M00/B7/AC/oYYBAFeEnwaAOPqeAABdCCQ86yA742.png"
20160713,"真当局座不上B站？","https://i0.hdslb.com/headers/eb6a9e52ff5308a772526d1e26d57742.jpg","https://i0.hdslb.com/group1/M00/B7/AC/oYYBAFeEnwaAOPqeAABdCCQ86yA742.png"
20160712,"一起来开心地跳舞吧！","https://i0.hdslb.com/group1/M00/B7/68/oYYBAFdYBUaAIkCvAANY8l3Nul4173.jpg","https://i0.hdslb.com/group1/M00/B7/68/oYYBAFdYBmKAWvzPAACeXF9UFV0735.png"
20160710,"食戟之灵第2季","https://i0.hdslb.com/group1/M00/B7/A3/oYYBAFd8wRiAbRLNAAh_kAcWbgQ145.png","https://i0.hdslb.com/group1/M00/B7/A3/oYYBAFd8wRqACBhbAAB4sBxih6g440.png"
20160707,"Bilibili Dancing Festival 2016","https://i0.hdslb.com/group1/M00/B7/A4/oYYBAFd87HGANL-NAAD16AJYmfM260.jpg","https://i0.hdslb.com/group1/M00/B7/68/oYYBAFdYBmKAWvzPAACeXF9UFV0735.png"
20160707,"重温感动","https://i0.hdslb.com/group1/M00/B7/A3/oYYBAFd8v2qADCqbAAjrqxn_8Hs362.png","https://i0.hdslb.com/group1/M00/B7/A3/oYYBAFd8v2yAcv-HAABg_RS9IjI366.png"
20160703,"Rewrite开播！","https://i0.hdslb.com/group1/M00/B7/9A/oYYBAFd13rWAakmpAAedBWYKKmE691.png","https://i0.hdslb.com/group1/M00/B7/9A/oYYBAFd13rSAbWayAACorxX9zd4115.png"
20160703,"Rewrite开播！","https://i0.hdslb.com/group1/M00/B7/9B/oYYBAFd2SS6AOUIDAAedBQuvBj4419.png","https://i0.hdslb.com/group1/M00/B7/9B/oYYBAFd2SSuAGf-UAACor1X8Bos572.png"
20160702,"预测活动即将结束！","https://i0.hdslb.com/group1/M00/B7/9B/oYYBAFd2SJKAEPJSAAGqT0TQ5uo826.jpg","https://i0.hdslb.com/group1/M00/B7/9B/oYYBAFd2SJiAFFTNAABskVJoLKM403.png"
20160701,"夏天是美好的季节…","https://i0.hdslb.com/group1/M00/B7/9A/oYYBAFd16ASAFbS4AAcNql6NOb8768.png","https://i0.hdslb.com/group1/M00/B7/9A/oYYBAFd156SAYMHlAACVIi6LP7o075.png"
20160701,"时隔三年，重磅回归！","https://i0.hdslb.com/group1/M00/B7/89/oYYBAFdro82AYPvxABAGEXbH6TQ263.jpg","https://i0.hdslb.com/headers/203767e222695660fc46c0e7f48d1d01.png"
20160701,"以鬼畜之名，为梦想干杯！","https://i0.hdslb.com/group1/M00/B7/89/oYYBAFdroomABpZyAARcIWH-YIA979.jpg","https://i0.hdslb.com/group1/M00/B7/89/oYYBAFdroyqAFD9qAAAx-UaSFgk131.png"
20160626,"我们7岁啦！","https://i0.hdslb.com/group1/M00/B7/8A/oYYBAFds6DaAMEkOAARiGn58yCU655.png","https://i0.hdslb.com/group1/M00/B7/8A/oYYBAFds6DKAcfn-AACUwhsfyiI544.png"
20160625,"bilibili7月新番","https://i0.hdslb.com/headers/2363a257149e1fc63677ed2ab1361f47.png","https://i0.hdslb.com/group1/M00/B7/8A/oYYBAFds7hSALnjTAABsxBgcCH0905.png"
20160625,"bilibili7月新番","https://i0.hdslb.com/group1/M00/B7/8A/oYYBAFdtBIOAJM0RAAHMnnv7AC0864.jpg","https://i0.hdslb.com/group1/M00/B7/8A/oYYBAFds7hSALnjTAABsxBgcCH0905.png"
20160624,"Disney海底总动员","https://i0.hdslb.com/group1/M00/B7/86/oYYBAFdqb7WAAtTfAAGHolzYJ_4529.jpg","https://i0.hdslb.com/group1/M00/B7/85/oYYBAFdqR-CAWehIAAAXeDLB0oc569.png"
20160622,"发呆大会","https://i0.hdslb.com/group1/M00/B7/85/oYYBAFdp-beAO_LCAAPleXq3j1A474.jpg","https://i0.hdslb.com/group1/M00/B7/85/oYYBAFdp-byAMlw5AABxcUPcWhU998.png"
20160618,"时隔三年，重磅回归！","https://i0.hdslb.com/headers/1160f4b92a220605e8f81813abd3eefd.jpg","https://i0.hdslb.com/headers/203767e222695660fc46c0e7f48d1d01.png"
20160616,"番剧承包回馈活动","https://i0.hdslb.com/group1/M00/B7/72/oYYBAFdhHHOAZGijAAO0O3Sc2Mc117.jpg","https://i0.hdslb.com/group1/M00/B7/72/oYYBAFdhG0uAALvZAAAnThWblEc294.png"
20160614,"E3活动报导","https://i0.hdslb.com/group1/M00/B7/6E/oYYBAFdfczyACqWRAAK_cmSNJfM485.jpg","https://i0.hdslb.com/group1/M00/B7/6E/oYYBAFdfcz6AD99cAABGOF4pZYY620.png"
20160612,"围观学霸装B(⌒▽⌒)","https://i0.hdslb.com/headers/bebd6fb997a3fc9d7aee111507e681f6.png","https://i1.hdslb.com/headers/f72a9bd80dde46e1cbc8cee4cd0cf194.png"
20160608,"COS仿妆大比拼","https://i0.hdslb.com/group1/M00/B7/61/oYYBAFdRVQKAW8g-AAQ0Fi6dAnA787.png","https://i0.hdslb.com/group1/M00/B7/61/oYYBAFdRVSqATQ9PAAA0tjDOOiY094.png"
20160607,"哔哩哔哩直播-端午节龙舟粽子合战","https://i0.hdslb.com/group1/M00/B7/65/oYYBAFdVbAOAUuMAAAMCaVBvk5M861.jpg","https://i0.hdslb.com/group1/M00/B7/65/oYYBAFdVbJyAAHQGAACtCh_BVaM988.png"
20160606,"高考加油！(ง •̀_•́)ง (*•̀ㅂ•́)و","https://i0.hdslb.com/group1/M00/B7/61/oYYBAFdRmd-AXTsRAAHqhhFYxns618.jpg","https://i0.hdslb.com/group1/M00/B7/61/oYYBAFdRmgSAXwLPAACI8S0H4cA108.png"
20160603,"版头征集第二期高考应援·TOP20公示","https://i0.hdslb.com/group1/M00/B7/5E/oYYBAFdQEZGAdEpQAAI6yjMlTbM779.jpg","https://i0.hdslb.com/group1/M00/B7/5E/oYYBAFdQEZ2ABk5RAABCHzlxT78606.png"
20160602,"圆环之理 即将开启","http://acg.tv/u1ed","https://i0.hdslb.com/group1/M00/B7/5B/oYYBAFdOV_uADYoDAAAVD1yukbs626.png"
20160601,"六一一起过~","https://i0.hdslb.com/group1/M00/B7/59/oYYBAFdMHvaAM1xvAAYsdApKEMw699.png","https://i0.hdslb.com/group1/M00/B7/59/oYYBAFdMHvmAPjItAACPBGHfeH0831.png"
20160531,"快来守护我们共同的约定！","http://acg.tv/u1dM","https://i0.hdslb.com/group1/M00/B7/58/oYYBAFdL8SiAP6pzAAAvvFcdgns425.png"
20160528,"2016BML-SP  售票进行中！","https://i0.hdslb.com/group1/M00/B7/54/oYYBAFdHsSmAeezsAAFGq1jkJTM023.jpg","https://i0.hdslb.com/group1/M00/B7/54/oYYBAFdHsTKALXEYAAAu3S-z0BA579.png"
20160527,"今晚8点，2016BML-SP售票开始","https://i0.hdslb.com/group1/M00/B7/55/oYYBAFdH1D2ABKxGAAEOJAmSz1o707.jpg","https://i0.hdslb.com/group1/M00/B7/54/oYYBAFdHsBOAYgYUAAAu3REMMiU076.png"
20160526,"大触、大触，快来收下我的膝盖！","https://i0.hdslb.com/group1/M00/B7/4E/oYYBAFdCtLuAHE8YAAHrBQnwRTY633.jpg","https://i0.hdslb.com/group1/M00/B7/4E/oYYBAFdChX-ADKL1AABCHxrqtRk751.png"
20160521,"五月病--来发呆_(:3 」∠)_","https://i0.hdslb.com/group1/M00/B7/4C/oYYBAFc_-cCAZE72AATIvVl8qP4046.jpg","https://i0.hdslb.com/group1/M00/B7/4C/oYYBAFc_-eiARIPFAABx1GsGOYM563.png"
20160521,"BML2016门票预购开启！快来抢票！！","https://i0.hdslb.com/group1/M00/B7/4B/oYYBAFc-xdaAe07vAAFHGBg56Ew476.jpg","https://i0.hdslb.com/group1/M00/B7/4B/oYYBAFc-xeSAHZU7AAAujz7c_bI197.png"
20160520,"BML2016门票预购开启！快来抢票！！","https://i0.hdslb.com/group1/M00/B7/4A/oYYBAFc-epeAJZG2AAE5sWgF3J4991.jpg","https://i0.hdslb.com/group1/M00/B7/4A/oYYBAFc-epmAMSXnAAAujzeAvaE050.png"
20160518,"发呆大会","https://i0.hdslb.com/group1/M00/B7/48/oYYBAFc8Q2CAMCxlAAK4gyzrVnc361.jpg","https://i0.hdslb.com/group1/M00/B7/48/oYYBAFc8Q2KAP48_AABxcXdFPT8387.png"
20160517,"黄绿合战","https://i0.hdslb.com/group1/M00/B7/45/oYYBAFc5iJ6ABDx_AAJJVUmADiY907.jpg","https://i0.hdslb.com/group1/M00/B7/45/oYYBAFc5iK2AfX7NAAAVdCLkTgQ178.png"
20160513,"BML外场活动","https://i0.hdslb.com/group1/M00/B7/41/oYYBAFc1TgWAPzW3AAG_e06ILLQ816.jpg","https://i0.hdslb.com/group1/M00/B7/41/oYYBAFc1TgeAcR1wAAAujwkwSrY911.png"
20160506,"2016BMLSP","https://i0.hdslb.com/group1/M00/B7/39/oYYBAFcsTcaAZIxsAAEhdDXQXEk973.jpg","https://i0.hdslb.com/group1/M00/B7/37/oYYBAFcsA02ARUgnAAAu_3sH55I843.png"
20160430,"BML第三弹嘉宾公开","https://i0.hdslb.com/group1/M00/B7/30/oYYBAFcjKTGANfoVAAGAcG7aL64682.jpg","https://i0.hdslb.com/group1/M00/B7/30/oYYBAFcjKTqAKFHKAAAu4x0ujg0983.png"
20160429,"第一届头牌画师诞生","https://i0.hdslb.com/group1/M00/B7/2E/oYYBAFch8ayAK-uTAAXu1RtniJQ926.jpg","https://i0.hdslb.com/group1/M00/B7/2E/oYYBAFch8cCAEFpTAABUWWGaSiE314.png"
20160426,"哔哩哔哩·版头征集大赛-TOP20公示","https://i1.hdslb.com/headers/c578bf123ac99a6d1e595b6e142f6fd5.jpg","https://i1.hdslb.com/headers/58c71871161412e2ad656485c9a89ecc.png"
20160422,"BML2016-第二弹嘉宾公开","https://i1.hdslb.com/headers/387274f2bf5c6c6c6a2acb52e1d89cfa.jpg","https://i2.hdslb.com/headers/0944e505703d74c2fee96fe2bdc48d4d.png"
20160422,"第二集更新！","https://i0.hdslb.com/headers/46fdb53a34bce1d0b96f93aa65ff8ea3.png","https://i1.hdslb.com/headers/42deb10f0a8ed244a0c427966aa53390.png"
20160421,"绝园的暴风雨","https://i0.hdslb.com/headers/256bf7bd4fbb7c00b921fc50b3d6f32f.png","https://i0.hdslb.com/headers/8a067fd633ea5c6e1705d0b44a7b5c26.png"
20160420,"绝园的暴风雨","https://i1.hdslb.com/headers/d85a4d3809f41d6eec822a39c2804b32.png","https://i0.hdslb.com/headers/8a067fd633ea5c6e1705d0b44a7b5c26.png"
20160416,"初代萌王20周年！","https://i0.hdslb.com/headers/2c48f75fca7d7ef9ec4f607444782552.png","https://i0.hdslb.com/headers/ad5d1383390b02afaa19d2f10b26806a.png"
20160414,"一起来开心地跳舞吧！","https://i2.hdslb.com/headers/29eac3da9b585d64553cf89a04ba6d56.png","https://i2.hdslb.com/headers/dd4053d635b32234e84ce58fb59206f3.png"
20160411,"哔哩哔哩·版头征集大赛","https://i1.hdslb.com/headers/5132d09550d6bdf4d1431dd9dbf359ca.PNG","https://i1.hdslb.com/headers/58c71871161412e2ad656485c9a89ecc.png"
20160409,"哔哩哔哩·版头征集大赛","https://i0.hdslb.com/headers/a282e7981909676b19044e467b1c807a.jpg","https://i1.hdslb.com/headers/58c71871161412e2ad656485c9a89ecc.png"
20160408,"快来学装B","https://i0.hdslb.com/headers/4dcf2517f3ebb966934d6e394c7829ec.png","https://i1.hdslb.com/headers/f8b8a81381b7022e1ac64655d89ba118.png"
20160406,"BML2016","https://i2.hdslb.com/headers/82df683ce9d524d11517df03413bb17e.png","https://i2.hdslb.com/headers/097979745cb366fb95072af11352e480.png"
20160406,"BML2016","https://i2.hdslb.com/headers/63238eb0c8b214e4b20013f7c3bfd117.png","https://i2.hdslb.com/headers/097979745cb366fb95072af11352e480.png"
20160405,"西洋乐器演奏大赛","https://i0.hdslb.com/headers/a4b4353cf95aeb8788c3d98c01e055d3.png","https://i1.hdslb.com/headers/bdddec22494b50d792487028c17ece76.png"
20160405,"一起来开心地跳舞吧！","https://i2.hdslb.com/headers/6b78e67c4dd37472948a8a6aa811a18e.png","https://i2.hdslb.com/headers/dd4053d635b32234e84ce58fb59206f3.png"
20160405,"唱见甜心召集令","https://i1.hdslb.com/headers/e2f91c9b97e7c313a3137838bb4b2cb4.jpg","https://i2.hdslb.com/headers/bda97ad8af499434dc7aaed26fdf7737.png"
20160402,"4月新番来袭！","https://i2.hdslb.com/headers/27be4a0a02a9c70c6072b7cc20ce44dc.png","https://i0.hdslb.com/headers/85ad2c3991e45e35181796246146a3ec.png"
20160402,"唱见甜心召集令","https://i1.hdslb.com/headers/2e0bc2ada4eac0874365cb719ae6a1e9.png","https://i2.hdslb.com/headers/bda97ad8af499434dc7aaed26fdf7737.png"
20160401,"号外号外~哔哩哔哩重大新闻！","https://i0.hdslb.com/headers/1bcf8cb2a585f02890e46e6606d0780a.jpg","https://i2.hdslb.com/headers/8f554c70de57d2942a27808999e4d757.png"
20160309,"我很好奇","https://i2.hdslb.com/headers/9bb3b913653765249a9ca918a5f3e3a8.png","https://i2.hdslb.com/headers/fc2926aa93dd904bcc48fe7b45179750.png"
20160226,"在bilibili看“bilibili”","https://i0.hdslb.com/headers/8d75e59b139f099d1638d5e6aa869a42.png","https://i1.hdslb.com/headers/ef8064b61800f9d59eb7f89245126a3e.png"
20160226,"在bilibili看“bilibili”","https://i1.hdslb.com/headers/207a699a66e7700f66ea0167dca02f24.png","https://i2.hdslb.com/headers/9faad3217d0abc3da4f777e88b834a58.png"
20160225,"雪化后是什么呢？是春天吧…","https://i0.hdslb.com/headers/b314d69ec7ba625d89a343366c045026.PNG","https://i0.hdslb.com/u_user/971d9c66d10c6c6396b36416568525db.png"
20160224,"镇站之宝 欢迎回家！","https://i2.hdslb.com/headers/60e1eef182ab2a8fe5e09495e2d19d1b.png","https://i1.hdslb.com/headers/ef8064b61800f9d59eb7f89245126a3e.png"
20160224,"2233与你闹元宵，神秘挂件等着你哦!","https://i0.hdslb.com/headers/51be215e56030dbbd806169385e6562b.jpg","https://i1.hdslb.com/headers/5a8a305e4533de2e75131e634d40938c.png"
20160220,"2月20日20点，王尼玛准时开车！没时间解释了，快上车！","https://i1.hdslb.com/headers/903fd37bf35e390eba4ec93ac5d9a1ad.jpg","https://i0.hdslb.com/headers/9b50bf3b3732f21744f4ebacf462f2e5.png"
20160216,"冬天快乐！","https://i2.hdslb.com/headers/f119744427b69c79260eddb42068e751.jpg","https://i1.hdslb.com/u_user/12fa1cfbe3bd37367018f705987f843b.png"
20160215,"R.I.P Umika","https://i0.hdslb.com/headers/c9ba1a2384d1fbc510acba27e49b020d.jpg","https://i2.hdslb.com/headers/c13afaf1648154302b56d46cd614a46a.png"
20160208,"bilibili2016拜年祭","https://i1.hdslb.com/headers/ac23bfc2b0c586777e74812d91e6a30b.png","https://i0.hdslb.com/headers/0d7e9b75fe5cb3df42a26ba83eb75236.PNG"
20160201,"拜年祭预告抢先看！","https://i0.hdslb.com/headers/9a137e79ab6f6f305b57520c23e33391.png","https://i0.hdslb.com/headers/0d7e9b75fe5cb3df42a26ba83eb75236.PNG"
20160201,"一起来看拜年祭","https://i0.hdslb.com/headers/acbb92337a30cc748a1cd416aa19da5f.png","https://i0.hdslb.com/headers/0d7e9b75fe5cb3df42a26ba83eb75236.PNG"
20160125,"【bilibili爱相随】一起来捕捉bilibili号","https://i1.hdslb.com/headers/84ff08c8d2e8ee82dc23e05cd3444f30.jpg","https://i0.hdslb.com/headers/a029c3907a326ef0f4223c53503b6f29.png"
20160111,"快来扭出你的2016关键字！","https://i0.hdslb.com/headers/f330bac7fb551ac44cc34ac5df9d1667.jpg","https://i2.hdslb.com/headers/f532a414419ce0977d76c44f4356f69b.png"
20160105,"冬天快乐！","https://i0.hdslb.com/headers/70d3ce9522e615f9a1c8f3c13ac82dcb.jpg","https://i1.hdslb.com/u_user/12fa1cfbe3bd37367018f705987f843b.png"
